CandidateID,Name,Years of Experience,Skills,AssessmentID,Assessment Score,Topic
1,Alice,5,"Python, TensorFlow, NLP",A101,85.0,Python
1,Alice,5,"Python, TensorFlow, NLP",A108,79.0,TensorFlow
2,Bob,2,"Java, Machine Learning",A104,78.0,Machine Learning
3,Charlie,8,"Python, Deep Learning, Computer Vision",A102,92.0,Deep Learning
3,Charlie,8,"Python, Deep Learning, Computer Vision",A110,90.0,Computer Vision
4,David,3,"R, Statistics, Data Analysis",A107,82.0,Statistics
5,Eve,6,"Python, PyTorch, Reinforcement Learning",A103,88.0,PyTorch
5,Eve,6,"Python, PyTorch, Reinforcement Learning",A114,91.0,Reinforcement Learning
6,Frank,1,"SQL, Data Engineering",A111,75.0,SQL
7,Grace,4,"Python, Cloud Computing, ML Ops",A105,90.0,ML Ops
8,Heidi,7,"C++, Robotics, AI",A112,89.0,Robotics
9,Ivan,2,"Python, Scikit-learn",A109,86.0,Python
10,Judy,9,"Deep Learning, NLP, Deployment",A106,95.0,NLP
11,Kelly,3,"Data Analysis, Visualization",A113,81.0,Data Analysis
12,Liam,5,"TensorFlow, Keras",,,
